Device_id,Model ID,Task ID,Stream ID,Op Name,OP Type,OP State,Task Type,Task Start Time(us),Task Duration(us),Task Wait Time(us),Context ID,aicore_time(us),aic_total_cycles,aic_mac_time(us),aic_mac_ratio,aic_scalar_time(us),aic_scalar_ratio,aic_mte1_time(us),aic_mte1_ratio,aic_mte2_time(us),aic_mte2_ratio,aic_fixpipe_time(us),aic_fixpipe_ratio,aic_icache_miss_rate,aiv_time(us),aiv_total_cycles,aiv_vec_time(us),aiv_vec_ratio,aiv_scalar_time(us),aiv_scalar_ratio,aiv_mte2_time(us),aiv_mte2_ratio,aiv_mte3_time(us),aiv_mte3_ratio,aiv_icache_miss_rate,cube_utilization(%)
0,-1,5,14,N/A,N/A,N/A,UNKNOWN,1728370532566669.999	,-0.001,0,N/A,N/A,N/A,N/A,N/A,N/A,N/A,N/A,N/A,N/A,N/A,N/A,N/A,N/A,N/A,N/A,N/A,N/A,N/A,N/A,N/A,N/A,N/A,N/A,N/A,N/A
0,-1,3,14,N/A,N/A,N/A,PLACE_HOLDER_SQE,1728456062701983.290	,0.02,85530135313.292,N/A,N/A,N/A,N/A,N/A,N/A,N/A,N/A,N/A,N/A,N/A,N/A,N/A,N/A,N/A,N/A,N/A,N/A,N/A,N/A,N/A,N/A,N/A,N/A,N/A,N/A
0,-1,0,25,N/A,N/A,N/A,AI_CORE,1728456062720812.330	,11.88,18829.02,N/A,0.0,20372,0.0,0.028,0.0,0.239,0.0,0.021,0.0,0.451,0.0,0.195,0.11,0.0,0,0.0,0.0,0.0,0.0,0.0,0.0,0.0,0.0,0.0,4.763
0,-1,1,25,N/A,N/A,N/A,AI_CORE,1728456062720824.230	,11.5,0.02,N/A,0.0,19639,0.0,0.029,0.0,0.27,0.0,0.022,0.0,0.444,0.0,0.201,0.106,0.0,0,0.0,0.0,0.0,0.0,0.0,0.0,0.0,0.0,0.0,4.744
0,-1,2,25,N/A,N/A,N/A,AI_CORE,1728456062720835.750	,11.3,0.02,N/A,0.0,19480,0.0,0.03,0.0,0.233,0.0,0.022,0.0,0.438,0.0,0.237,0.1,0.0,0,0.0,0.0,0.0,0.0,0.0,0.0,0.0,0.0,0.0,4.789
0,-1,3,25,N/A,N/A,N/A,AI_CORE,1728456062720847.090	,10.78,0.04,N/A,0.0,18518,0.0,0.031,0.0,0.248,0.0,0.023,0.0,0.473,0.0,0.201,0.088,0.0,0,0.0,0.0,0.0,0.0,0.0,0.0,0.0,0.0,0.0,4.772
0,-1,4,25,N/A,N/A,N/A,AI_CORE,1728456062720857.890	,11.04,0.02,N/A,0.0,18911,0.0,0.03,0.0,0.233,0.0,0.023,0.0,0.456,0.0,0.223,0.088,0.0,0,0.0,0.0,0.0,0.0,0.0,0.0,0.0,0.0,0.0,4.758
0,-1,5,25,N/A,N/A,N/A,AI_CORE,1728456062720868.950	,11.44,0.02,N/A,0.0,19650,0.0,0.029,0.0,0.228,0.0,0.022,0.0,0.45,0.0,0.235,0.093,0.0,0,0.0,0.0,0.0,0.0,0.0,0.0,0.0,0.0,0.0,4.771
0,-1,6,25,N/A,N/A,N/A,AI_CORE,1728456062720880.410	,12.74,0.02,N/A,0.0,21917,0.0,0.026,0.0,0.216,0.0,0.02,0.0,0.421,0.0,0.276,0.085,0.0,0,0.0,0.0,0.0,0.0,0.0,0.0,0.0,0.0,0.0,4.779
0,-1,7,25,N/A,N/A,N/A,AI_CORE,1728456062720893.170	,12.14,0.02,N/A,0.0,20821,0.0,0.028,0.0,0.252,0.0,0.021,0.0,0.432,0.0,0.226,0.089,0.0,0,0.0,0.0,0.0,0.0,0.0,0.0,0.0,0.0,0.0,4.764
0,-1,8,25,N/A,N/A,N/A,AI_CORE,1728456062720905.330	,10.9,0.02,N/A,0.0,18802,0.0,0.031,0.0,0.236,0.0,0.023,0.0,0.453,0.0,0.227,0.093,0.0,0,0.0,0.0,0.0,0.0,0.0,0.0,0.0,0.0,0.0,4.792
0,-1,9,25,N/A,N/A,N/A,AI_CORE,1728456062720916.250	,11.08,0.02,N/A,0.0,19091,0.0,0.03,0.0,0.242,0.0,0.023,0.0,0.455,0.0,0.218,0.09,0.0,0,0.0,0.0,0.0,0.0,0.0,0.0,0.0,0.0,0.0,4.786
0,-1,10,25,N/A,N/A,N/A,PLACE_HOLDER_SQE,1728456062720927.350	,0.0,0.02,N/A,N/A,N/A,N/A,N/A,N/A,N/A,N/A,N/A,N/A,N/A,N/A,N/A,N/A,N/A,N/A,N/A,N/A,N/A,N/A,N/A,N/A,N/A,N/A,N/A,N/A
0,-1,11,25,N/A,N/A,N/A,AI_CORE,1728456062721023.090	,11.44,95.74,N/A,0.0,19650,0.0,0.029,0.0,0.241,0.0,0.022,0.0,0.443,0.0,0.228,0.091,0.0,0,0.0,0.0,0.0,0.0,0.0,0.0,0.0,0.0,0.0,4.771
0,-1,12,25,N/A,N/A,N/A,AI_CORE,1728456062721034.550	,11.52,0.02,N/A,0.0,19782,0.0,0.029,0.0,0.236,0.0,0.022,0.0,0.439,0.0,0.232,0.088,0.0,0,0.0,0.0,0.0,0.0,0.0,0.0,0.0,0.0,0.0,4.77
0,-1,13,25,N/A,N/A,N/A,AI_CORE,1728456062721046.090	,10.66,0.02,N/A,0.0,18341,0.0,0.031,0.0,0.249,0.0,0.024,0.0,0.452,0.0,0.207,0.09,0.0,0,0.0,0.0,0.0,0.0,0.0,0.0,0.0,0.0,0.0,4.779
0,-1,14,25,N/A,N/A,N/A,AI_CORE,1728456062721056.790	,11.28,0.04,N/A,0.0,19404,0.0,0.03,0.0,0.238,0.0,0.022,0.0,0.456,0.0,0.229,0.097,0.0,0,0.0,0.0,0.0,0.0,0.0,0.0,0.0,0.0,0.0,4.778
0,-1,15,25,N/A,N/A,N/A,AI_CORE,1728456062721068.090	,11.58,0.02,N/A,0.0,19885,0.0,0.029,0.0,0.23,0.0,0.022,0.0,0.451,0.0,0.212,0.09,0.0,0,0.0,0.0,0.0,0.0,0.0,0.0,0.0,0.0,0.0,4.77
0,-1,16,25,N/A,N/A,N/A,AI_CORE,1728456062721079.710	,11.76,0.04,N/A,0.0,20185,0.0,0.028,0.0,0.236,0.0,0.022,0.0,0.44,0.0,0.227,0.089,0.0,0,0.0,0.0,0.0,0.0,0.0,0.0,0.0,0.0,0.0,4.768
0,-1,17,25,N/A,N/A,N/A,AI_CORE,1728456062721091.510	,11.08,0.04,N/A,0.0,19045,0.0,0.03,0.0,0.25,0.0,0.023,0.0,0.44,0.0,0.225,0.095,0.0,0,0.0,0.0,0.0,0.0,0.0,0.0,0.0,0.0,0.0,4.775
0,-1,18,25,N/A,N/A,N/A,AI_CORE,1728456062721102.610	,10.46,0.02,N/A,0.0,17898,0.0,0.032,0.0,0.276,0.0,0.024,0.0,0.461,0.0,0.186,0.095,0.0,0,0.0,0.0,0.0,0.0,0.0,0.0,0.0,0.0,0.0,4.753
0,-1,19,25,N/A,N/A,N/A,AI_CORE,1728456062721113.110	,10.82,0.04,N/A,0.0,18515,0.0,0.031,0.0,0.251,0.0,0.023,0.0,0.448,0.0,0.217,0.098,0.0,0,0.0,0.0,0.0,0.0,0.0,0.0,0.0,0.0,0.0,4.753
0,-1,20,25,N/A,N/A,N/A,AI_CORE,1728456062721123.950	,10.82,0.02,N/A,0.0,18480,0.0,0.031,0.0,0.266,0.0,0.023,0.0,0.452,0.0,0.202,0.093,0.0,0,0.0,0.0,0.0,0.0,0.0,0.0,0.0,0.0,0.0,4.744
0,-1,21,25,N/A,N/A,N/A,AI_CORE,1728456062721134.810	,6.58,0.04,N/A,0.0,10834,0.0,0.053,0.0,0.32,0.0,0.04,0.0,0.6,0.0,0.135,0.0,0.0,0,0.0,0.0,0.0,0.0,0.0,0.0,0.0,0.0,0.0,4.574
0,-1,22,25,N/A,N/A,N/A,AI_CORE,1728456062721141.430	,6.8,0.04,N/A,0.0,11188,0.0,0.051,0.0,0.329,0.0,0.039,0.0,0.591,0.0,0.135,0.0,0.0,0,0.0,0.0,0.0,0.0,0.0,0.0,0.0,0.0,0.0,4.57
0,-1,23,25,N/A,N/A,N/A,AI_CORE,1728456062721148.250	,6.64,0.02,N/A,0.0,11039,0.0,0.052,0.0,0.323,0.0,0.039,0.0,0.597,0.0,0.136,0.0,0.0,0,0.0,0.0,0.0,0.0,0.0,0.0,0.0,0.0,0.0,4.618
0,-1,24,25,N/A,N/A,N/A,AI_CORE,1728456062721154.910	,6.6,0.02,N/A,0.0,10953,0.0,0.052,0.0,0.334,0.0,0.04,0.0,0.594,0.0,0.134,0.0,0.0,0,0.0,0.0,0.0,0.0,0.0,0.0,0.0,0.0,0.0,4.61
0,-1,25,25,N/A,N/A,N/A,AI_CORE,1728456062721161.530	,6.24,0.02,N/A,0.0,10353,0.0,0.056,0.0,0.299,0.0,0.042,0.0,0.623,0.0,0.139,0.0,0.0,0,0.0,0.0,0.0,0.0,0.0,0.0,0.0,0.0,0.0,4.609
0,-1,26,25,N/A,N/A,N/A,AI_CORE,1728456062721167.810	,6.36,0.04,N/A,0.0,10548,0.0,0.055,0.0,0.306,0.0,0.041,0.0,0.615,0.0,0.138,0.0,0.0,0,0.0,0.0,0.0,0.0,0.0,0.0,0.0,0.0,0.0,4.607
0,-1,27,25,N/A,N/A,N/A,AI_CORE,1728456062721174.190	,6.52,0.02,N/A,0.0,10776,0.0,0.053,0.0,0.316,0.0,0.04,0.0,0.604,0.0,0.137,0.0,0.0,0,0.0,0.0,0.0,0.0,0.0,0.0,0.0,0.0,0.0,4.591
0,-1,28,25,N/A,N/A,N/A,AI_CORE,1728456062721180.730	,7.0,0.02,N/A,0.0,11617,0.0,0.049,0.0,0.348,0.0,0.037,0.0,0.571,0.0,0.131,0.0,0.0,0,0.0,0.0,0.0,0.0,0.0,0.0,0.0,0.0,0.0,4.61
0,-1,29,25,N/A,N/A,N/A,AI_CORE,1728456062721187.750	,6.32,0.02,N/A,0.0,10550,0.0,0.055,0.0,0.291,0.0,0.041,0.0,0.619,0.0,0.143,0.0,0.0,0,0.0,0.0,0.0,0.0,0.0,0.0,0.0,0.0,0.0,4.637
0,-1,30,25,N/A,N/A,N/A,AI_CORE,1728456062721194.090	,6.34,0.02,N/A,0.0,10599,0.0,0.054,0.0,0.315,0.0,0.041,0.0,0.6,0.0,0.14,0.0,0.0,0,0.0,0.0,0.0,0.0,0.0,0.0,0.0,0.0,0.0,4.644
0,-1,31,25,N/A,N/A,N/A,PLACE_HOLDER_SQE,1728456062721200.470	,0.0,0.04,N/A,N/A,N/A,N/A,N/A,N/A,N/A,N/A,N/A,N/A,N/A,N/A,N/A,N/A,N/A,N/A,N/A,N/A,N/A,N/A,N/A,N/A,N/A,N/A,N/A,N/A
0,-1,32,25,N/A,N/A,N/A,AI_CORE,1728456062721275.230	,6.36,74.76,N/A,0.0,10514,0.0,0.055,0.0,0.308,0.0,0.041,0.0,0.604,0.0,0.143,0.0,0.0,0,0.0,0.0,0.0,0.0,0.0,0.0,0.0,0.0,0.0,4.592
0,-1,33,25,N/A,N/A,N/A,AI_CORE,1728456062721281.610	,6.48,0.02,N/A,0.0,10708,0.0,0.054,0.0,0.301,0.0,0.041,0.0,0.61,0.0,0.143,0.0,0.0,0,0.0,0.0,0.0,0.0,0.0,0.0,0.0,0.0,0.0,4.59
0,-1,34,25,N/A,N/A,N/A,AI_CORE,1728456062721288.110	,6.36,0.02,N/A,0.0,10583,0.0,0.054,0.0,0.301,0.0,0.041,0.0,0.617,0.0,0.14,0.0,0.0,0,0.0,0.0,0.0,0.0,0.0,0.0,0.0,0.0,0.0,4.622
0,-1,35,25,N/A,N/A,N/A,AI_CORE,1728456062721294.490	,6.3,0.02,N/A,0.0,10451,0.0,0.055,0.0,0.31,0.0,0.042,0.0,0.61,0.0,0.138,0.0,0.0,0,0.0,0.0,0.0,0.0,0.0,0.0,0.0,0.0,0.0,4.608
0,-1,36,25,N/A,N/A,N/A,AI_CORE,1728456062721300.830	,6.32,0.04,N/A,0.0,10397,0.0,0.055,0.0,0.305,0.0,0.042,0.0,0.61,0.0,0.141,0.0,0.0,0,0.0,0.0,0.0,0.0,0.0,0.0,0.0,0.0,0.0,4.57
0,-1,37,25,N/A,N/A,N/A,AI_CORE,1728456062721307.170	,6.56,0.02,N/A,0.0,10806,0.0,0.053,0.0,0.314,0.0,0.04,0.0,0.604,0.0,0.138,0.0,0.0,0,0.0,0.0,0.0,0.0,0.0,0.0,0.0,0.0,0.0,4.576
0,-1,38,25,N/A,N/A,N/A,AI_CORE,1728456062721313.750	,6.5,0.02,N/A,0.0,10767,0.0,0.053,0.0,0.304,0.0,0.04,0.0,0.612,0.0,0.139,0.0,0.0,0,0.0,0.0,0.0,0.0,0.0,0.0,0.0,0.0,0.0,4.601
0,-1,39,25,N/A,N/A,N/A,AI_CORE,1728456062721320.270	,6.62,0.02,N/A,0.0,10999,0.0,0.052,0.0,0.327,0.0,0.039,0.0,0.591,0.0,0.133,0.0,0.0,0,0.0,0.0,0.0,0.0,0.0,0.0,0.0,0.0,0.0,4.615
0,-1,40,25,N/A,N/A,N/A,AI_CORE,1728456062721326.930	,6.3,0.04,N/A,0.0,10396,0.0,0.055,0.0,0.301,0.0,0.042,0.0,0.62,0.0,0.136,0.0,0.0,0,0.0,0.0,0.0,0.0,0.0,0.0,0.0,0.0,0.0,4.584
0,-1,41,25,N/A,N/A,N/A,AI_CORE,1728456062721333.250	,6.44,0.02,N/A,0.0,10578,0.0,0.054,0.0,0.302,0.0,0.041,0.0,0.613,0.0,0.136,0.0,0.0,0,0.0,0.0,0.0,0.0,0.0,0.0,0.0,0.0,0.0,4.563
0,-1,42,25,N/A,N/A,N/A,AI_CORE,1728456062721339.710	,6.56,0.02,N/A,0.0,10825,0.0,0.053,0.0,0.312,0.0,0.04,0.0,0.601,0.0,0.135,0.0,0.0,0,0.0,0.0,0.0,0.0,0.0,0.0,0.0,0.0,0.0,4.584
0,-1,43,25,N/A,N/A,N/A,AI_CORE,1728456062721346.290	,7.04,0.02,N/A,0.0,11638,0.0,0.049,0.0,0.345,0.0,0.037,0.0,0.569,0.0,0.129,0.0,0.0,0,0.0,0.0,0.0,0.0,0.0,0.0,0.0,0.0,0.0,4.592
0,-1,44,25,N/A,N/A,N/A,AI_CORE,1728456062721353.350	,6.46,0.02,N/A,0.0,10759,0.0,0.053,0.0,0.302,0.0,0.04,0.0,0.613,0.0,0.14,0.0,0.0,0,0.0,0.0,0.0,0.0,0.0,0.0,0.0,0.0,0.0,4.626
0,-1,45,25,N/A,N/A,N/A,AI_CORE,1728456062721359.830	,6.58,0.02,N/A,0.0,10970,0.0,0.052,0.0,0.324,0.0,0.04,0.0,0.592,0.0,0.134,0.0,0.0,0,0.0,0.0,0.0,0.0,0.0,0.0,0.0,0.0,0.0,4.631
0,-1,46,25,N/A,N/A,N/A,AI_CORE,1728456062721366.430	,6.26,0.02,N/A,0.0,10332,0.0,0.056,0.0,0.295,0.0,0.042,0.0,0.624,0.0,0.14,0.0,0.0,0,0.0,0.0,0.0,0.0,0.0,0.0,0.0,0.0,0.0,4.585
0,-1,47,25,N/A,N/A,N/A,AI_CORE,1728456062721372.710	,6.38,0.02,N/A,0.0,10523,0.0,0.055,0.0,0.301,0.0,0.041,0.0,0.617,0.0,0.138,0.0,0.0,0,0.0,0.0,0.0,0.0,0.0,0.0,0.0,0.0,0.0,4.582
0,-1,48,25,N/A,N/A,N/A,AI_CORE,1728456062721379.110	,6.56,0.02,N/A,0.0,10828,0.0,0.053,0.0,0.311,0.0,0.04,0.0,0.6,0.0,0.136,0.0,0.0,0,0.0,0.0,0.0,0.0,0.0,0.0,0.0,0.0,0.0,4.585
0,-1,49,25,N/A,N/A,N/A,AI_CORE,1728456062721385.690	,7.0,0.02,N/A,0.0,11589,0.0,0.05,0.0,0.348,0.0,0.037,0.0,0.572,0.0,0.131,0.0,0.0,0,0.0,0.0,0.0,0.0,0.0,0.0,0.0,0.0,0.0,4.599
0,-1,50,25,N/A,N/A,N/A,AI_CORE,1728456062721392.710	,6.32,0.02,N/A,0.0,10526,0.0,0.055,0.0,0.288,0.0,0.041,0.0,0.621,0.0,0.144,0.0,0.0,0,0.0,0.0,0.0,0.0,0.0,0.0,0.0,0.0,0.0,4.626
0,-1,51,25,N/A,N/A,N/A,AI_CORE,1728456062721399.050	,6.34,0.02,N/A,0.0,10559,0.0,0.054,0.0,0.312,0.0,0.041,0.0,0.603,0.0,0.14,0.0,0.0,0,0.0,0.0,0.0,0.0,0.0,0.0,0.0,0.0,0.0,4.626
0,-1,52,25,N/A,N/A,N/A,PLACE_HOLDER_SQE,1728456062721405.410	,0.02,0.02,N/A,N/A,N/A,N/A,N/A,N/A,N/A,N/A,N/A,N/A,N/A,N/A,N/A,N/A,N/A,N/A,N/A,N/A,N/A,N/A,N/A,N/A,N/A,N/A,N/A,N/A
0,-1,53,25,N/A,N/A,N/A,AI_CORE,1728456062721467.710	,6.36,62.28,N/A,0.0,10489,0.0,0.055,0.0,0.307,0.0,0.041,0.0,0.606,0.0,0.142,0.0,0.0,0,0.0,0.0,0.0,0.0,0.0,0.0,0.0,0.0,0.0,4.581
0,-1,54,25,N/A,N/A,N/A,AI_CORE,1728456062721474.090	,6.48,0.02,N/A,0.0,10682,0.0,0.054,0.0,0.299,0.0,0.041,0.0,0.611,0.0,0.143,0.0,0.0,0,0.0,0.0,0.0,0.0,0.0,0.0,0.0,0.0,0.0,4.579
0,-1,55,25,N/A,N/A,N/A,AI_CORE,1728456062721480.610	,6.36,0.04,N/A,0.0,10567,0.0,0.054,0.0,0.299,0.0,0.041,0.0,0.618,0.0,0.141,0.0,0.0,0,0.0,0.0,0.0,0.0,0.0,0.0,0.0,0.0,0.0,4.615
0,-1,56,25,N/A,N/A,N/A,AI_CORE,1728456062721486.990	,6.3,0.02,N/A,0.0,10412,0.0,0.055,0.0,0.31,0.0,0.042,0.0,0.612,0.0,0.138,0.0,0.0,0,0.0,0.0,0.0,0.0,0.0,0.0,0.0,0.0,0.0,4.591
0,-1,57,25,N/A,N/A,N/A,AI_CORE,1728456062721493.310	,6.32,0.02,N/A,0.0,10367,0.0,0.055,0.0,0.301,0.0,0.042,0.0,0.612,0.0,0.141,0.0,0.0,0,0.0,0.0,0.0,0.0,0.0,0.0,0.0,0.0,0.0,4.557
0,-1,58,25,N/A,N/A,N/A,AI_CORE,1728456062721499.650	,6.58,0.02,N/A,0.0,10802,0.0,0.053,0.0,0.312,0.0,0.04,0.0,0.603,0.0,0.138,0.0,0.0,0,0.0,0.0,0.0,0.0,0.0,0.0,0.0,0.0,0.0,4.56
0,-1,59,25,N/A,N/A,N/A,AI_CORE,1728456062721506.250	,6.44,0.02,N/A,0.0,10724,0.0,0.054,0.0,0.302,0.0,0.04,0.0,0.614,0.0,0.14,0.0,0.0,0,0.0,0.0,0.0,0.0,0.0,0.0,0.0,0.0,0.0,4.626
0,-1,60,25,N/A,N/A,N/A,AI_CORE,1728456062721512.730	,6.56,0.04,N/A,0.0,10931,0.0,0.053,0.0,0.326,0.0,0.04,0.0,0.595,0.0,0.132,0.0,0.0,0,0.0,0.0,0.0,0.0,0.0,0.0,0.0,0.0,0.0,4.629
0,-1,61,25,N/A,N/A,N/A,AI_CORE,1728456062721519.330	,6.24,0.04,N/A,0.0,10297,0.0,0.056,0.0,0.288,0.0,0.042,0.0,0.626,0.0,0.138,0.0,0.0,0,0.0,0.0,0.0,0.0,0.0,0.0,0.0,0.0,0.0,4.584
0,-1,62,25,N/A,N/A,N/A,AI_CORE,1728456062721525.590	,6.32,0.02,N/A,0.0,10422,0.0,0.055,0.0,0.295,0.0,0.042,0.0,0.621,0.0,0.138,0.0,0.0,0,0.0,0.0,0.0,0.0,0.0,0.0,0.0,0.0,0.0,4.581
0,-1,63,25,N/A,N/A,N/A,AI_CORE,1728456062721531.930	,6.58,0.02,N/A,0.0,10840,0.0,0.053,0.0,0.312,0.0,0.04,0.0,0.6,0.0,0.134,0.0,0.0,0,0.0,0.0,0.0,0.0,0.0,0.0,0.0,0.0,0.0,4.576
0,-1,64,25,N/A,N/A,N/A,AI_CORE,1728456062721538.530	,6.98,0.02,N/A,0.0,11574,0.0,0.05,0.0,0.345,0.0,0.037,0.0,0.572,0.0,0.129,0.0,0.0,0,0.0,0.0,0.0,0.0,0.0,0.0,0.0,0.0,0.0,4.606
0,-1,65,25,N/A,N/A,N/A,AI_CORE,1728456062721545.530	,6.46,0.02,N/A,0.0,10787,0.0,0.053,0.0,0.299,0.0,0.04,0.0,0.611,0.0,0.14,0.0,0.0,0,0.0,0.0,0.0,0.0,0.0,0.0,0.0,0.0,0.0,4.638
0,-1,66,25,N/A,N/A,N/A,AI_CORE,1728456062721552.010	,6.6,0.02,N/A,0.0,10991,0.0,0.052,0.0,0.324,0.0,0.039,0.0,0.591,0.0,0.134,0.0,0.0,0,0.0,0.0,0.0,0.0,0.0,0.0,0.0,0.0,0.0,4.626
0,-1,67,25,N/A,N/A,N/A,AI_CORE,1728456062721558.630	,6.26,0.02,N/A,0.0,10340,0.0,0.056,0.0,0.295,0.0,0.042,0.0,0.624,0.0,0.139,0.0,0.0,0,0.0,0.0,0.0,0.0,0.0,0.0,0.0,0.0,0.0,4.588
0,-1,68,25,N/A,N/A,N/A,AI_CORE,1728456062721564.910	,6.42,0.02,N/A,0.0,10582,0.0,0.054,0.0,0.3,0.0,0.041,0.0,0.613,0.0,0.137,0.0,0.0,0,0.0,0.0,0.0,0.0,0.0,0.0,0.0,0.0,0.0,4.579
0,-1,69,25,N/A,N/A,N/A,AI_CORE,1728456062721571.350	,6.52,0.02,N/A,0.0,10752,0.0,0.053,0.0,0.313,0.0,0.04,0.0,0.605,0.0,0.138,0.0,0.0,0,0.0,0.0,0.0,0.0,0.0,0.0,0.0,0.0,0.0,4.581
0,-1,70,25,N/A,N/A,N/A,AI_CORE,1728456062721577.890	,7.0,0.02,N/A,0.0,11564,0.0,0.05,0.0,0.347,0.0,0.038,0.0,0.574,0.0,0.131,0.0,0.0,0,0.0,0.0,0.0,0.0,0.0,0.0,0.0,0.0,0.0,4.589
0,-1,71,25,N/A,N/A,N/A,AI_CORE,1728456062721584.910	,6.44,0.02,N/A,0.0,10779,0.0,0.053,0.0,0.307,0.0,0.04,0.0,0.607,0.0,0.141,0.0,0.0,0,0.0,0.0,0.0,0.0,0.0,0.0,0.0,0.0,0.0,4.649
0,-1,72,25,N/A,N/A,N/A,AI_CORE,1728456062721591.390	,6.34,0.04,N/A,0.0,10561,0.0,0.054,0.0,0.315,0.0,0.041,0.0,0.602,0.0,0.14,0.0,0.0,0,0.0,0.0,0.0,0.0,0.0,0.0,0.0,0.0,0.0,4.627
0,-1,73,25,N/A,N/A,N/A,PLACE_HOLDER_SQE,1728456062721597.750	,0.0,0.02,N/A,N/A,N/A,N/A,N/A,N/A,N/A,N/A,N/A,N/A,N/A,N/A,N/A,N/A,N/A,N/A,N/A,N/A,N/A,N/A,N/A,N/A,N/A,N/A,N/A,N/A
0,-1,74,25,N/A,N/A,N/A,AI_CORE,1728456062721661.870	,6.38,64.12,N/A,0.0,10536,0.0,0.055,0.0,0.304,0.0,0.041,0.0,0.603,0.0,0.143,0.0,0.0,0,0.0,0.0,0.0,0.0,0.0,0.0,0.0,0.0,0.0,4.587
0,-1,75,25,N/A,N/A,N/A,AI_CORE,1728456062721668.270	,6.48,0.02,N/A,0.0,10686,0.0,0.054,0.0,0.299,0.0,0.041,0.0,0.611,0.0,0.144,0.0,0.0,0,0.0,0.0,0.0,0.0,0.0,0.0,0.0,0.0,0.0,4.581
0,-1,76,25,N/A,N/A,N/A,AI_CORE,1728456062721674.770	,6.5,0.02,N/A,0.0,10830,0.0,0.053,0.0,0.313,0.0,0.04,0.0,0.603,0.0,0.137,0.0,0.0,0,0.0,0.0,0.0,0.0,0.0,0.0,0.0,0.0,0.0,4.628
0,-1,77,25,N/A,N/A,N/A,AI_CORE,1728456062721681.290	,6.22,0.02,N/A,0.0,10283,0.0,0.056,0.0,0.297,0.0,0.042,0.0,0.619,0.0,0.14,0.0,0.0,0,0.0,0.0,0.0,0.0,0.0,0.0,0.0,0.0,0.0,4.592
0,-1,78,25,N/A,N/A,N/A,AI_CORE,1728456062721687.530	,6.46,0.02,N/A,0.0,10653,0.0,0.054,0.0,0.321,0.0,0.041,0.0,0.596,0.0,0.138,0.0,0.0,0,0.0,0.0,0.0,0.0,0.0,0.0,0.0,0.0,0.0,4.581
0,-1,79,25,N/A,N/A,N/A,AI_CORE,1728456062721694.010	,6.58,0.02,N/A,0.0,10821,0.0,0.053,0.0,0.31,0.0,0.04,0.0,0.603,0.0,0.139,0.0,0.0,0,0.0,0.0,0.0,0.0,0.0,0.0,0.0,0.0,0.0,4.568
0,-1,80,25,N/A,N/A,N/A,AI_CORE,1728456062721700.610	,6.46,0.02,N/A,0.0,10743,0.0,0.054,0.0,0.301,0.0,0.04,0.0,0.613,0.0,0.138,0.0,0.0,0,0.0,0.0,0.0,0.0,0.0,0.0,0.0,0.0,0.0,4.619
0,-1,81,25,N/A,N/A,N/A,AI_CORE,1728456062721707.090	,6.58,0.02,N/A,0.0,10942,0.0,0.053,0.0,0.326,0.0,0.04,0.0,0.594,0.0,0.133,0.0,0.0,0,0.0,0.0,0.0,0.0,0.0,0.0,0.0,0.0,0.0,4.619
0,-1,82,25,N/A,N/A,N/A,AI_CORE,1728456062721713.690	,6.24,0.02,N/A,0.0,10283,0.0,0.056,0.0,0.289,0.0,0.042,0.0,0.627,0.0,0.139,0.0,0.0,0,0.0,0.0,0.0,0.0,0.0,0.0,0.0,0.0,0.0,4.578
0,-1,83,25,N/A,N/A,N/A,AI_CORE,1728456062721719.950	,6.36,0.02,N/A,0.0,10476,0.0,0.055,0.0,0.302,0.0,0.041,0.0,0.619,0.0,0.136,0.0,0.0,0,0.0,0.0,0.0,0.0,0.0,0.0,0.0,0.0,0.0,4.575
0,-1,84,25,N/A,N/A,N/A,AI_CORE,1728456062721726.330	,6.58,0.02,N/A,0.0,10791,0.0,0.053,0.0,0.313,0.0,0.04,0.0,0.603,0.0,0.135,0.0,0.0,0,0.0,0.0,0.0,0.0,0.0,0.0,0.0,0.0,0.0,4.555
0,-1,85,25,N/A,N/A,N/A,AI_CORE,1728456062721732.930	,6.8,0.02,N/A,0.0,11183,0.0,0.051,0.0,0.321,0.0,0.039,0.0,0.592,0.0,0.134,0.0,0.0,0,0.0,0.0,0.0,0.0,0.0,0.0,0.0,0.0,0.0,4.568
0,-1,86,25,N/A,N/A,N/A,AI_CORE,1728456062721739.750	,6.44,0.02,N/A,0.0,10710,0.0,0.054,0.0,0.301,0.0,0.041,0.0,0.615,0.0,0.141,0.0,0.0,0,0.0,0.0,0.0,0.0,0.0,0.0,0.0,0.0,0.0,4.62
0,-1,87,25,N/A,N/A,N/A,AI_CORE,1728456062721746.210	,6.6,0.02,N/A,0.0,10953,0.0,0.052,0.0,0.324,0.0,0.04,0.0,0.593,0.0,0.133,0.0,0.0,0,0.0,0.0,0.0,0.0,0.0,0.0,0.0,0.0,0.0,4.61
0,-1,88,25,N/A,N/A,N/A,AI_CORE,1728456062721752.830	,6.28,0.02,N/A,0.0,10361,0.0,0.055,0.0,0.294,0.0,0.042,0.0,0.622,0.0,0.139,0.0,0.0,0,0.0,0.0,0.0,0.0,0.0,0.0,0.0,0.0,0.0,4.583
0,-1,89,25,N/A,N/A,N/A,AI_CORE,1728456062721759.130	,6.42,0.02,N/A,0.0,10591,0.0,0.054,0.0,0.3,0.0,0.041,0.0,0.613,0.0,0.137,0.0,0.0,0,0.0,0.0,0.0,0.0,0.0,0.0,0.0,0.0,0.0,4.582
0,-1,90,25,N/A,N/A,N/A,AI_CORE,1728456062721765.570	,6.54,0.02,N/A,0.0,10748,0.0,0.053,0.0,0.313,0.0,0.04,0.0,0.605,0.0,0.138,0.0,0.0,0,0.0,0.0,0.0,0.0,0.0,0.0,0.0,0.0,0.0,4.565
0,-1,91,25,N/A,N/A,N/A,AI_CORE,1728456062721772.130	,7.0,0.02,N/A,0.0,11598,0.0,0.05,0.0,0.35,0.0,0.037,0.0,0.572,0.0,0.131,0.0,0.0,0,0.0,0.0,0.0,0.0,0.0,0.0,0.0,0.0,0.0,4.602
0,-1,92,25,N/A,N/A,N/A,AI_CORE,1728456062721779.150	,6.28,0.02,N/A,0.0,10479,0.0,0.055,0.0,0.291,0.0,0.041,0.0,0.624,0.0,0.145,0.0,0.0,0,0.0,0.0,0.0,0.0,0.0,0.0,0.0,0.0,0.0,4.635
0,-1,93,25,N/A,N/A,N/A,AI_CORE,1728456062721785.450	,6.34,0.02,N/A,0.0,10588,0.0,0.054,0.0,0.312,0.0,0.041,0.0,0.6,0.0,0.139,0.0,0.0,0,0.0,0.0,0.0,0.0,0.0,0.0,0.0,0.0,0.0,4.639
0,-1,94,25,N/A,N/A,N/A,PLACE_HOLDER_SQE,1728456062721791.810	,0.02,0.02,N/A,N/A,N/A,N/A,N/A,N/A,N/A,N/A,N/A,N/A,N/A,N/A,N/A,N/A,N/A,N/A,N/A,N/A,N/A,N/A,N/A,N/A,N/A,N/A,N/A,N/A
0,-1,95,25,N/A,N/A,N/A,AI_CORE,1728456062721856.310	,6.34,64.48,N/A,0.0,10497,0.0,0.055,0.0,0.307,0.0,0.041,0.0,0.605,0.0,0.142,0.0,0.0,0,0.0,0.0,0.0,0.0,0.0,0.0,0.0,0.0,0.0,4.599
0,-1,96,25,N/A,N/A,N/A,AI_CORE,1728456062721862.670	,6.48,0.02,N/A,0.0,10710,0.0,0.054,0.0,0.298,0.0,0.041,0.0,0.611,0.0,0.143,0.0,0.0,0,0.0,0.0,0.0,0.0,0.0,0.0,0.0,0.0,0.0,4.591
0,-1,97,25,N/A,N/A,N/A,AI_CORE,1728456062721869.170	,6.34,0.02,N/A,0.0,10590,0.0,0.054,0.0,0.297,0.0,0.041,0.0,0.617,0.0,0.139,0.0,0.0,0,0.0,0.0,0.0,0.0,0.0,0.0,0.0,0.0,0.0,4.64
0,-1,98,25,N/A,N/A,N/A,AI_CORE,1728456062721875.530	,6.28,0.02,N/A,0.0,10411,0.0,0.055,0.0,0.31,0.0,0.042,0.0,0.612,0.0,0.138,0.0,0.0,0,0.0,0.0,0.0,0.0,0.0,0.0,0.0,0.0,0.0,4.605
0,-1,99,25,N/A,N/A,N/A,AI_CORE,1728456062721881.830	,6.26,0.02,N/A,0.0,10330,0.0,0.056,0.0,0.303,0.0,0.042,0.0,0.614,0.0,0.141,0.0,0.0,0,0.0,0.0,0.0,0.0,0.0,0.0,0.0,0.0,0.0,4.584
0,-1,100,25,N/A,N/A,N/A,AI_CORE,1728456062721888.110	,6.54,0.02,N/A,0.0,10775,0.0,0.053,0.0,0.312,0.0,0.04,0.0,0.606,0.0,0.139,0.0,0.0,0,0.0,0.0,0.0,0.0,0.0,0.0,0.0,0.0,0.0,4.577
0,-1,101,25,N/A,N/A,N/A,AI_CORE,1728456062721894.670	,6.48,0.02,N/A,0.0,10763,0.0,0.053,0.0,0.3,0.0,0.04,0.0,0.612,0.0,0.138,0.0,0.0,0,0.0,0.0,0.0,0.0,0.0,0.0,0.0,0.0,0.0,4.614
0,-1,102,25,N/A,N/A,N/A,AI_CORE,1728456062721901.190	,6.58,0.04,N/A,0.0,10920,0.0,0.053,0.0,0.324,0.0,0.04,0.0,0.595,0.0,0.132,0.0,0.0,0,0.0,0.0,0.0,0.0,0.0,0.0,0.0,0.0,0.0,4.61
0,-1,103,25,N/A,N/A,N/A,AI_CORE,1728456062721907.790	,6.24,0.02,N/A,0.0,10250,0.0,0.056,0.0,0.289,0.0,0.042,0.0,0.629,0.0,0.138,0.0,0.0,0,0.0,0.0,0.0,0.0,0.0,0.0,0.0,0.0,0.0,4.563
0,-1,104,25,N/A,N/A,N/A,AI_CORE,1728456062721914.050	,6.36,0.02,N/A,0.0,10465,0.0,0.055,0.0,0.302,0.0,0.041,0.0,0.619,0.0,0.136,0.0,0.0,0,0.0,0.0,0.0,0.0,0.0,0.0,0.0,0.0,0.0,4.571
0,-1,105,25,N/A,N/A,N/A,AI_CORE,1728456062721920.430	,6.54,0.02,N/A,0.0,10757,0.0,0.053,0.0,0.313,0.0,0.04,0.0,0.605,0.0,0.135,0.0,0.0,0,0.0,0.0,0.0,0.0,0.0,0.0,0.0,0.0,0.0,4.569
0,-1,106,25,N/A,N/A,N/A,AI_CORE,1728456062721926.990	,6.76,0.02,N/A,0.0,11118,0.0,0.052,0.0,0.321,0.0,0.039,0.0,0.595,0.0,0.135,0.0,0.0,0,0.0,0.0,0.0,0.0,0.0,0.0,0.0,0.0,0.0,4.569
0,-1,107,25,N/A,N/A,N/A,AI_CORE,1728456062721933.770	,6.46,0.02,N/A,0.0,10741,0.0,0.054,0.0,0.298,0.0,0.04,0.0,0.613,0.0,0.14,0.0,0.0,0,0.0,0.0,0.0,0.0,0.0,0.0,0.0,0.0,0.0,4.619
0,-1,108,25,N/A,N/A,N/A,AI_CORE,1728456062721940.250	,6.58,0.02,N/A,0.0,10969,0.0,0.052,0.0,0.324,0.0,0.04,0.0,0.593,0.0,0.133,0.0,0.0,0,0.0,0.0,0.0,0.0,0.0,0.0,0.0,0.0,0.0,4.631
0,-1,109,25,N/A,N/A,N/A,AI_CORE,1728456062721946.850	,6.3,0.02,N/A,0.0,10395,0.0,0.055,0.0,0.292,0.0,0.042,0.0,0.621,0.0,0.139,0.0,0.0,0,0.0,0.0,0.0,0.0,0.0,0.0,0.0,0.0,0.0,4.583
0,-1,110,25,N/A,N/A,N/A,AI_CORE,1728456062721953.170	,6.36,0.02,N/A,0.0,10523,0.0,0.055,0.0,0.302,0.0,0.041,0.0,0.616,0.0,0.138,0.0,0.0,0,0.0,0.0,0.0,0.0,0.0,0.0,0.0,0.0,0.0,4.596
0,-1,111,25,N/A,N/A,N/A,AI_CORE,1728456062721959.570	,6.52,0.04,N/A,0.0,10760,0.0,0.053,0.0,0.313,0.0,0.04,0.0,0.604,0.0,0.138,0.0,0.0,0,0.0,0.0,0.0,0.0,0.0,0.0,0.0,0.0,0.0,4.584
0,-1,112,25,N/A,N/A,N/A,AI_CORE,1728456062721966.110	,6.98,0.02,N/A,0.0,11587,0.0,0.05,0.0,0.346,0.0,0.037,0.0,0.572,0.0,0.132,0.0,0.0,0,0.0,0.0,0.0,0.0,0.0,0.0,0.0,0.0,0.0,4.611
0,-1,113,25,N/A,N/A,N/A,AI_CORE,1728456062721973.130	,6.28,0.04,N/A,0.0,10526,0.0,0.055,0.0,0.288,0.0,0.041,0.0,0.62,0.0,0.144,0.0,0.0,0,0.0,0.0,0.0,0.0,0.0,0.0,0.0,0.0,0.0,4.656
0,-1,114,25,N/A,N/A,N/A,AI_CORE,1728456062721979.450	,6.34,0.04,N/A,0.0,10579,0.0,0.054,0.0,0.312,0.0,0.041,0.0,0.602,0.0,0.139,0.0,0.0,0,0.0,0.0,0.0,0.0,0.0,0.0,0.0,0.0,0.0,4.635
0,-1,115,25,N/A,N/A,N/A,PLACE_HOLDER_SQE,1728456062721985.810	,0.0,0.02,N/A,N/A,N/A,N/A,N/A,N/A,N/A,N/A,N/A,N/A,N/A,N/A,N/A,N/A,N/A,N/A,N/A,N/A,N/A,N/A,N/A,N/A,N/A,N/A,N/A,N/A
0,-1,4,14,N/A,N/A,N/A,PLACE_HOLDER_SQE,1728456062723536.450	,0.02,1550.64,N/A,N/A,N/A,N/A,N/A,N/A,N/A,N/A,N/A,N/A,N/A,N/A,N/A,N/A,N/A,N/A,N/A,N/A,N/A,N/A,N/A,N/A,N/A,N/A,N/A,N/A
